{
    "T": 0.00001,
    "CFL": 0.5,
    "h_min": 0.0004295574551078,
    "save_timer": 1e-10,
    "tau": 0
}